Customer ID,PredictedLTV
17777.0,655.556
16719.0,3924.766
12546.0,1133.6228
17484.0,196.60088
17207.0,313.99097
17733.0,700.69995
14713.0,4943.0493
13976.0,1186.2584
18163.0,730.7095
14570.0,634.5562
14198.0,1680.7096
17767.0,399.29233
15693.0,47.60453
18104.0,640.4899
15317.0,119.64875
15909.0,188.65718
14015.0,907.39655
15673.0,6009.5146
16468.0,757.0501
17292.0,281.08728
15064.0,1222.9536
15016.0,623.4846
18213.0,236.55228
12756.0,108.34503
14682.0,1532.4976
14504.0,703.6492
14699.0,718.9728
13614.0,2386.3096
14460.0,1243.6277
13351.0,370.42105
13396.0,1372.7502
12568.0,62.477158
12369.0,1803.8882
15425.0,1853.7717
13832.0,603.62695
17168.0,395.64786
16702.0,1117.7076
17342.0,1204.669
15083.0,87.90157
16851.0,353.61896
15038.0,1319.2958
14584.0,1718.5889
17459.0,677.23737
13003.0,199.74129
17676.0,2739.193
14373.0,79.74518
13228.0,354.7454
15448.0,820.74744
17554.0,1888.9257
13576.0,11456.874
17166.0,196.94568
17851.0,1521.0024
14950.0,365.3671
17143.0,919.9696
16677.0,876.9149
13784.0,2962.637
14064.0,3453.514
17588.0,2985.0151
16199.0,965.769
15003.0,1087.2982
16908.0,252.26352
15170.0,79.31124
13404.0,243.85954
12854.0,2989.8848
14140.0,947.092
14899.0,1363.2528
14472.0,2041.6124
15117.0,2713.3489
16081.0,4578.389
17093.0,236.59422
14623.0,2101.8962
15094.0,98.91365
16168.0,9031.236
16093.0,12.670905
16335.0,2720.1313
16191.0,15773.029
16563.0,4413.4634
17185.0,249.20699
15985.0,2558.9536
13134.0,2538.872
14008.0,509.22525
15181.0,1242.3224
13698.0,448.19635
16835.0,1509.159
14836.0,122.90767
15777.0,1959.4381
14261.0,1133.6228
13158.0,1453.805
13733.0,496.06668
15211.0,1238.653
14149.0,489.61505
17070.0,413.68784
13529.0,293.31497
13163.0,16.932646
16833.0,2525.9944
15226.0,147.73763
12426.0,1370.1523
13469.0,81.24526
17269.0,497.80405
14156.0,180015.27
17813.0,1808.2911
16950.0,3791.7512
12580.0,1033.4156
15986.0,347.8346
15269.0,1215.0922
16730.0,761.40466
17748.0,355.22134
14170.0,634.59814
16311.0,621.24384
17638.0,848.0691
14264.0,1532.4976
13096.0,416.00104
15807.0,1838.8252
15797.0,2932.5322
18059.0,303.68848
13707.0,3417.819
13521.0,1081.6097
16040.0,2379.9385
15131.0,79.31124
16781.0,916.6959
17898.0,228.9431
12643.0,8238.399
16618.0,2673.9585
17833.0,335.03305
14144.0,28.186327
14742.0,582.09766
14155.0,116.718
17601.0,404.0099
18049.0,564.7361
14895.0,24452.393
18179.0,2720.418
16053.0,3753.226
12882.0,1572.6957
15560.0,150.9409
15501.0,399.13803
13570.0,251.84262
14556.0,833.53796
17105.0,675.282
16332.0,2035.8187
12975.0,2088.8123
14979.0,437.70502
14830.0,208.4873
14102.0,1361.2743
17283.0,188.43161
16178.0,603.3862
12610.0,2091.1619
12504.0,764.98145
14582.0,112.838104
16969.0,651.4891
16901.0,208.1425
13313.0,3478.326
17952.0,826.68195
12448.0,488.3251
13686.0,415.05176
16896.0,92.01315
16327.0,11098.057
15023.0,11366.835
13260.0,562.4746
15092.0,756.8366
16955.0,1407.2433
13395.0,1194.2123
14012.0,328.53088
13849.0,3542.6255
13462.0,1175.2036
15421.0,3560.8318
17965.0,7730.205
12524.0,11392.789
15837.0,810.61395
15574.0,1532.4976
16197.0,2070.2944
13456.0,1723.2605
18002.0,236.40465
18256.0,111.71067
17094.0,399.09607
14667.0,23161.451
15234.0,208.10056
13643.0,2159.756
12503.0,1150.6616
16987.0,2489.2422
12774.0,92.01315
17886.0,1525.0054
14322.0,485.1513
14758.0,2884.8833
16593.0,1091.4705
17086.0,2070.0544
15413.0,6442.634
17254.0,473.33746
16211.0,1086.7118
12878.0,848.02716
16229.0,2928.3318
16404.0,497.30777
17473.0,604.9968
13884.0,1950.1951
16183.0,1094.482
16767.0,7964.4478
12479.0,465.72803
18225.0,14101.657
12749.0,6442.013
12514.0,1608.2423
13868.0,4433.06
15834.0,3617.675
16339.0,111.66872
13907.0,135.85521
13865.0,511.15707
13988.0,4758.0225
16540.0,234.20103
14681.0,862.29004
13873.0,1077.7482
13927.0,750.15155
15261.0,1464.3867
18183.0,623.7092
13693.0,2048.4517
12586.0,1998.2716
13330.0,2947.8958
13997.0,383.85712
13974.0,700.69995
14332.0,1908.1595
13797.0,1197.4995
16852.0,147.40851
13305.0,4066.992
14027.0,92.357956
12515.0,377.76624
18272.0,4534.1978
16242.0,7512.1484
15005.0,17716.752
14319.0,502.22595
14034.0,649.7744
18168.0,4067.2627
13629.0,14226.505
17902.0,223.59187
14646.0,206131.97
12427.0,1113.8135
12693.0,1650.6677
14109.0,139.37653
14671.0,1122.8602
17537.0,940.21466
17385.0,256.6652
13399.0,240.14508
12741.0,399.13803
17478.0,1267.0232
15973.0,1016.7022
14022.0,820.74744
12925.0,761.4238
15576.0,852.6595
16542.0,248.62683
18046.0,188.43161
13915.0,62.477158
16634.0,1746.3302
16774.0,1531.621
15585.0,495.0206
16937.0,208.1425
14279.0,191.53531
14312.0,2962.662
13285.0,3461.8528
12935.0,4177.097
16552.0,448.1544
12655.0,256.5109
18279.0,234.79486
13897.0,1126.4795
13537.0,757.7345
13162.0,8426.218
13771.0,5813.8477
17956.0,14.239552
12892.0,256.5109
15948.0,1598.0723
16688.0,1230.7606
14535.0,6029.8594
16479.0,291.7072
15613.0,439.33118
15727.0,9506.866
15536.0,256.5109
13161.0,492.11197
15508.0,995.59973
12360.0,4160.0537
16193.0,623.7092
18101.0,618.2643
15339.0,1941.293
15342.0,403.23694
14987.0,1688.9512
14400.0,1734.1802
12412.0,2726.608
16629.0,403.5759
13725.0,1920.8973
16837.0,3014.7551
14030.0,8014.256
16870.0,462.84772
15487.0,234.79486
13025.0,321.38812
12787.0,896.56244
14991.0,315.05557
14502.0,2444.9985
12435.0,14063.761
16312.0,170.18665
13102.0,12705.759
17752.0,79.26929
12666.0,1229.3789
13737.0,332.08145
16949.0,1429.0619
17169.0,1126.4795
15070.0,833.53796
16964.0,196.60088
13622.0,665.68
15857.0,571.3175
13581.0,281.04532
17226.0,887.6944
17577.0,340.37457
12719.0,591.0593
15793.0,2322.2346
12902.0,135.81326
16653.0,1244.4246
13390.0,489.06595
13004.0,12123.165
17460.0,2112.75
14816.0,284.09427
15641.0,5212.812
12698.0,333.69205
15318.0,328.0756
17018.0,2244.8416
12528.0,1826.4813
17753.0,402.7899
14496.0,2541.176
17118.0,158.13786
14961.0,15529.763
14463.0,825.07135
16892.0,824.00525
13488.0,16472.297
15175.0,228.8997
17179.0,1532.4976
12606.0,15.565431
12626.0,6438.3677
13445.0,255.7973
12545.0,1019.75745
13138.0,1458.2559
17883.0,951.47864
17914.0,338.78717
13434.0,1618.5393
12886.0,1433.2832
12849.0,3061.8042
16433.0,373.61746
16732.0,4555.368
13909.0,289.1848
16890.0,279.70593
13995.0,3924.766
17462.0,697.19684
18091.0,355.22134
16946.0,1267.3069
13349.0,257.44153
15188.0,320.4755
12361.0,511.9114
15276.0,703.6492
14234.0,764.98145
16224.0,1619.3601
15683.0,499.93243
15575.0,26.200968
16410.0,133.69409
14909.0,1341.7627
14845.0,147.77957
17522.0,1136.8113
16325.0,3495.4133
17829.0,4947.231
14467.0,2210.115
14785.0,96.82997
16918.0,3195.223
15778.0,313.99097
16141.0,960.37524
17651.0,5745.4487
13555.0,8615.07
15303.0,1212.315
16029.0,106064.94
16524.0,293.79092
14894.0,1645.4293
16107.0,3200.169
13596.0,705.7536
17358.0,850.68665
13649.0,1606.3864
16342.0,387.7004
14596.0,234.20103
15674.0,7354.179
16244.0,2746.0232
14783.0,313.99097
15127.0,750.9723
17870.0,3089.6692
14720.0,651.62585
15313.0,50.91021
15472.0,365.1263
12354.0,1112.0563
14592.0,572.0263
14822.0,158.17981
17271.0,213.05634
17068.0,9592.607
15255.0,3708.1333
12384.0,593.36237
12577.0,1662.6848
18210.0,2710.8787
12948.0,2366.152
13416.0,915.55945
15599.0,1235.6504
16622.0,234.81332
13713.0,761.0599
12721.0,3853.2842
15056.0,133.69409
12910.0,5818.709
12379.0,1629.8944
16555.0,1824.2213
12391.0,2868.4614
13659.0,4829.792
14609.0,1545.426
13841.0,81.20331
14640.0,3735.2205
14546.0,5162.7603
13757.0,208.1425
18096.0,1748.1675
14807.0,501.54303
17335.0,501.54303
12672.0,415.25647
17693.0,206.53189
14791.0,313.99097
15273.0,234.20103
16237.0,135.85521
16473.0,483.5407
14849.0,15668.737
15118.0,254.18675
17194.0,816.55023
16647.0,542.00696
16724.0,145.29015
14719.0,1512.065
12971.0,19395.697
13114.0,236.59422
16772.0,3795.815
14675.0,1032.2705
14812.0,184.11612
14896.0,2142.8914
13560.0,172.5602
14132.0,3551.2136
13542.0,4415.6025
15957.0,915.55945
14948.0,1116.056
17789.0,399.09607
15218.0,11077.624
16460.0,816.93695
14837.0,3388.9421
13322.0,206.7727
15078.0,17784.264
15271.0,4847.9756
18243.0,509.22525
17839.0,334.03683
18078.0,827.78107
12671.0,2447.0447
14446.0,1249.8856
16658.0,778.68005
16738.0,14.239552
16855.0,343.05597
13268.0,2999.2566
15663.0,134.2446
15080.0,547.7903
16379.0,2189.4983
14333.0,408.95438
16259.0,361.65665
16227.0,1014.89655
14085.0,10317.414
18247.0,833.53796
18015.0,124.42967
17677.0,36638.05
14185.0,208.10056
16218.0,4544.951
17427.0,86.09954
15847.0,831.88837
16393.0,5779.8267
12758.0,9851.556
17009.0,255.7973
16043.0,1803.92
17860.0,1032.2325
14091.0,7358.4897
16420.0,79.78713
17585.0,2144.15
14334.0,4254.2964
16249.0,1834.9297
17989.0,234.20103
15938.0,899.5471
14656.0,829.933
15281.0,8374.618
15082.0,92.82147
14031.0,35949.87
17877.0,234.98361
17668.0,335.9521
12947.0,1822.2659
15344.0,537.6861
12363.0,546.1797
17844.0,50.91021
12587.0,145.77174
16495.0,671.93243
14184.0,498.37027
16992.0,5716.19
12813.0,1744.9762
12644.0,1877.2938
15648.0,675.282
15618.0,766.69617
14473.0,238.75542
12410.0,1000.2576
13055.0,2270.838
16585.0,340.37457
14578.0,166.68817
16733.0,256.5109
13900.0,1586.0537
16683.0,320.99924
13951.0,670.7238
12431.0,10852.585
14017.0,234.20103
17971.0,163.336
18004.0,167.04813
14526.0,256.5109
15748.0,634.94293
13775.0,1042.095
14258.0,33255.684
12953.0,808.3543
12680.0,894.22363
16636.0,3809.941
13504.0,306.92
13684.0,583.92035
18030.0,245.94212
14095.0,15.565431
17756.0,761.0599
13030.0,1235.6682
13092.0,2193.0986
12594.0,5024.054
18215.0,2158.4626
16698.0,1858.7268
14983.0,184.11612
13926.0,239.22513
16982.0,384.28003
17468.0,228.21375
13800.0,1784.0231
18150.0,565.915
17809.0,9293.233
15240.0,4341.0107
14947.0,1075.0801
13389.0,758.1632
16217.0,293.74896
17927.0,306.57523
15637.0,789.56165
15177.0,974.7695
12662.0,6976.1123
16780.0,632.98755
13878.0,2388.6506
12496.0,71.01664
13518.0,698.3802
17297.0,132.3243
12637.0,8347.801
12801.0,1155.7563
13691.0,213.05634
17796.0,1354.6874
14153.0,236.59422
17992.0,256.5109
17327.0,150.9409
14776.0,3597.753
13402.0,1503.301
16728.0,1031.4784
16913.0,416.6204
15097.0,903.52295
18249.0,87.862976
17411.0,1396.6609
13032.0,2956.6968
14834.0,2251.1553
14673.0,3373.4111
13156.0,1654.2266
15520.0,335.52057
16546.0,5991.266
17380.0,651.1443
13151.0,2376.7012
16556.0,7907.773
15319.0,208.10056
17671.0,2205.3835
12729.0,496.4149
15146.0,1292.563
15863.0,281.75034
12770.0,3313.1877
13145.0,1310.5968
14097.0,404.05185
13523.0,4799.6367
15634.0,563.3662
12471.0,37656.953
12449.0,4765.026
14853.0,1368.4877
15236.0,327.23593
13678.0,234.98361
15076.0,1395.2637
14113.0,7515.9634
13592.0,191.24394
14532.0,3892.903
17021.0,1189.4902
12482.0,25392.203
15385.0,915.55945
17861.0,5179.173
13045.0,814.98157
15205.0,673.527
15377.0,1204.669
17714.0,1398.461
14243.0,7956.7505
16844.0,604.9968
15714.0,785.8636
14597.0,2191.2925
15565.0,174.18558
14970.0,4826.061
15901.0,712.50836
16061.0,87.94353
14250.0,1979.1256
17263.0,60.866558
16532.0,6952.0464
17317.0,2347.4968
12491.0,496.97598
12728.0,1140.7236
13977.0,477.01413
13379.0,572.0263
15589.0,468.78726
12468.0,3745.4854
12960.0,1352.484
16541.0,419.73618
15029.0,359.11685
12766.0,9251.043
14537.0,624.09595
14560.0,7411.2456
17540.0,1529.0724
17704.0,947.2419
16608.0,1267.0232
17363.0,915.21466
14749.0,320.4755
16157.0,651.2985
13432.0,415.29843
12595.0,307.58456
17703.0,1094.482
16254.0,1016.7442
12795.0,436.28467
13230.0,6004.668
15915.0,419.73618
13502.0,789.4694
14811.0,167.09007
15195.0,20677.277
15786.0,7459.9854
17374.0,761.01794
17426.0,7499.6787
14929.0,843.00214
15604.0,223.93668
14668.0,111.71067
12762.0,1746.6011
13159.0,1419.923
17954.0,3871.6897
17890.0,607.32355
13216.0,334.35724
13634.0,5316.8643
16441.0,1091.7949
14059.0,184.07417
14229.0,2507.5571
14598.0,373.61746
12938.0,112.838104
16493.0,2135.2517
14602.0,208.1425
18128.0,416.00104
13847.0,320.4755
18081.0,347.25302
15328.0,110.92593
14484.0,1031.4784
14106.0,223.59187
17911.0,365.89426
16170.0,7036.0205
12555.0,119.64875
15964.0,285.70486
16584.0,3239.0408
12773.0,119.49651
17354.0,3225.603
13358.0,437.66306
17571.0,1768.0405
13279.0,135.37924
17909.0,133.69409
13062.0,338.4516
15643.0,649.5337
15966.0,419.73618
13965.0,1016.7442
14641.0,110.340866
16000.0,32112.494
15411.0,1340.5364
15075.0,814.65674
13844.0,356.86557
15289.0,1516.0948
15711.0,404.05185
15284.0,28.186327
12785.0,1093.1925
16829.0,499.93243
15061.0,187167.1
12454.0,12006.515
12375.0,438.8983
17037.0,1254.607
15497.0,8462.66
15389.0,2639.67
17900.0,120.68299
12933.0,1666.7518
18165.0,313.58054
15700.0,702.77203
17162.0,1696.0177
15899.0,111.66872
16697.0,111.66872
17415.0,454.09714
13106.0,605.7549
17624.0,1580.0243
13115.0,5373.654
16721.0,306.53326
17854.0,1089.3457
15156.0,923.02136
18160.0,1000.6445
17542.0,346.86627
13317.0,6336.514
13558.0,583.3028
13903.0,164.53442
15605.0,1979.4858
17508.0,4638.8726
16122.0,991.2967
17835.0,350.00403
13405.0,1192.6724
12437.0,12974.57
13097.0,12893.004
13899.0,373.42697
13241.0,115.710365
18014.0,167.43488
12973.0,385.61194
12416.0,208.1425
13761.0,1914.4396
15731.0,119.64875
16763.0,962.13025
13245.0,1025.1559
12640.0,1205.9556
18032.0,69.83673
12793.0,1010.891
12816.0,571.0768
17247.0,302.805
15417.0,496.44534
14393.0,62.435204
18110.0,413.92862
15785.0,6204.498
16679.0,757.48413
12926.0,1540.3105
14462.0,2217.4495
12592.0,2609.8147
16488.0,508.9793
12715.0,341.91342
15545.0,415.64322
16016.0,2489.2422
16200.0,5782.374
17880.0,816.55023
13931.0,5199.309
18220.0,1819.028
16747.0,843.00214
13580.0,110.92593
16670.0,8071.576
16773.0,417.00714
13945.0,848.0691
12904.0,500.17322
14452.0,704.05914
17981.0,251.88457
15154.0,1359.2439
16839.0,20186.008
14414.0,2300.6218
14180.0,7468.8853
15759.0,875.1397
17988.0,750.10706
17110.0,507.02393
17879.0,177.85341
12498.0,415.29254
13547.0,172.79799
14309.0,3841.6687
15971.0,5805.126
16513.0,899.12775
15816.0,149.49217
15054.0,293.94522
15924.0,92.01315
13685.0,3202.2373
15301.0,7780.037
13534.0,8012.725
17047.0,2241.131
13098.0,35244.426
15018.0,634.94293
16862.0,703.3044
13407.0,2037.4113
16590.0,604.9968
16255.0,4907.314
13934.0,915.9653
18200.0,161.72539
14037.0,791.6495
12839.0,10359.613
17437.0,371.75296
15331.0,757.52606
12819.0,498.95618
16466.0,3529.9468
16759.0,757.89
15955.0,8662.126
14994.0,926.6364
14777.0,313.99097
17359.0,281.84207
12701.0,2541.7617
12598.0,4513.223
12532.0,339.09464
16784.0,848.9601
13454.0,223.59187
14377.0,621.0031
15805.0,9084.29
12574.0,223.54993
17062.0,1188.2998
13536.0,3369.3904
16314.0,1662.2556
13233.0,1176.2133
15744.0,27.710365
14697.0,180.86333
17757.0,14135.235
13929.0,3547.7124
15467.0,530.8803
17797.0,1887.78
13851.0,4594.4097
15931.0,251.88457
16067.0,3388.2126
16082.0,110.92593
12639.0,1278.3527
14587.0,1694.3333
12898.0,305.30133
16696.0,701.6938
13489.0,467.81293
13812.0,539.33746
16044.0,335.03305
17895.0,89.57758
17627.0,306.57523
13871.0,8105.8916
17791.0,111.27073
14065.0,880.1298
15739.0,488.3251
17869.0,1034.992
17106.0,489.79227
16914.0,213.40114
16539.0,3729.7222
14965.0,605.7549
15302.0,313.99097
16471.0,1188.968
13923.0,339.09464
13573.0,870.7409
17953.0,163.336
14515.0,3828.4397
12962.0,274.65237
14361.0,223.59187
14111.0,711.7869
13433.0,703.3044
16286.0,338.6442
17323.0,1728.3667
15404.0,256.5109
15039.0,26532.453
12853.0,3964.712
13764.0,2978.6707
18154.0,870.61584
13549.0,1073.7731
16999.0,500.47845
15386.0,390.64758
14642.0,89.57758
17884.0,2958.856
16062.0,3013.972
17977.0,1530.961
12453.0,693.5523
17346.0,5004.195
15212.0,196.55893
17316.0,119.49651
14464.0,126.92363
16483.0,137.6274
13544.0,793.6262
13481.0,3814.2803
18068.0,91.9712
13443.0,1405.1958
16104.0,2934.954
16092.0,1523.0499
16882.0,682.7321
17498.0,285.2289
16641.0,563.1255
16941.0,26.200968
15412.0,188.65718
17413.0,564.7361
15699.0,319.10568
13533.0,238.53447
16246.0,822.1846
15428.0,766.50555
13414.0,2540.6272
12764.0,1687.0554
13040.0,707.1325
16271.0,3587.31
13531.0,1726.1853
12913.0,6472.0225
12826.0,2960.1519
15822.0,1769.0507
17699.0,415.29843
12526.0,1266.8206
15045.0,763.9687
12489.0,331.14508
16710.0,6431.749
18280.0,496.02472
18219.0,3420.8728
15040.0,16.932646
15884.0,246.42033
17392.0,634.5562
12954.0,163.336
15642.0,110.92593
14411.0,1096.8257
15789.0,1899.5146
12440.0,848.0691
15542.0,896.9299
17706.0,19704.984
12845.0,382.93558
16741.0,172.0786
14789.0,208.4873
15630.0,1649.1399
17440.0,380.2259
17788.0,1112.9701
17572.0,597.88654
13071.0,119.64875
15135.0,293.74896
16318.0,328.91763
16574.0,1277.0629
16561.0,502.91403
15053.0,672.816
12820.0,2621.2283
15706.0,1031.4784
17395.0,89.23278
17010.0,206.7727
14286.0,8588.822
14637.0,110.92593
12457.0,2999.75
12821.0,228.45811
15862.0,2933.7417
14892.0,208.1425
16213.0,157.70384
16832.0,450.2451
14483.0,248.24008
18257.0,4599.443
13080.0,234.79402
17135.0,1956.7516
16165.0,79.31124
14391.0,134.96191
12619.0,3791.582
17496.0,1364.0101
13248.0,446.58575
16840.0,137.34071
13820.0,651.1443
12683.0,14231.747
17556.0,292.18033
17933.0,112.4933
13449.0,310.987
14255.0,1013.6563
12974.0,397.52744
13665.0,1749.2513
16448.0,355.63754
17621.0,3170.677
14551.0,928.3989
13818.0,57.720226
16626.0,4122.9653
15443.0,5289.871
12834.0,320.43353
14086.0,46.33956
14871.0,1329.0573
13074.0,1340.1914
13116.0,482.57736
12633.0,5961.408
18180.0,1769.9342
17230.0,9613.824
15543.0,246.37839
12654.0,590.431
14347.0,81.24526
15554.0,223.54993
12601.0,694.47144
14601.0,224.34671
15391.0,306.57523
16968.0,422.00916
15431.0,147.77957
15143.0,564.69415
17732.0,2658.762
15936.0,281.08728
17666.0,2043.5276
15582.0,676.74615
15458.0,361.6599
14094.0,331.18704
15392.0,2870.2437
17383.0,312.01205
17129.0,28.186327
13382.0,1398.461
13376.0,1009.32245
13815.0,7600.1504
13061.0,249.8837
14122.0,361.65665
13605.0,501.54303
16373.0,293.79092
16752.0,410.2863
13087.0,320.4755
15710.0,868.8836
16808.0,289.6909
16814.0,12297.995
18011.0,501.54303
15719.0,11296.603
17899.0,157.67941
16569.0,1432.9443
15769.0,62342.027
17865.0,25724.545
15941.0,406.52423
18053.0,572.0263
18281.0,194.99026
18161.0,1748.1675
14632.0,112.45135
17807.0,433.75238
17466.0,795.07697
12418.0,1961.1066
15223.0,1398.461
15108.0,1350.8735
18045.0,188.77641
15940.0,28.144371
15197.0,1794.5419
17036.0,179.46402
16367.0,1315.9062
14436.0,279.47668
13331.0,256.5109
14726.0,119.49651
12575.0,623.5977
16507.0,147.77957
13835.0,1134.8865
15136.0,1234.7812
17390.0,147.77957
14236.0,1793.4319
17073.0,1412.7827
17862.0,1243.784
16469.0,835.9553
14479.0,1360.9675
13264.0,730.7095
12394.0,1238.653
15163.0,292.4211
17832.0,159.63483
12791.0,1066.4136
15846.0,110.92593
14876.0,248.28203
16511.0,1768.2003
16744.0,1275.4397
17544.0,927.5615
13708.0,306.53326
16534.0,633.4545
13199.0,15598.565
14945.0,179.46402
14136.0,1498.6593
17997.0,1920.0765
15009.0,1200.4792
17901.0,246.82979
17035.0,583.92035
15227.0,2431.2485
17311.0,3717.896
13127.0,256.03494
17970.0,566.128
12530.0,3700.2812
17322.0,883.8991
16322.0,334.22168
14293.0,3243.1836
16176.0,2011.7924
13084.0,119.49651
16023.0,745.7909
12833.0,406.999
17539.0,1204.669
12800.0,571.6815
13774.0,335.8344
16895.0,1154.6809
12376.0,492.53287
13140.0,1255.9807
13554.0,1555.4178
13603.0,163.6808
12447.0,491.70468
17406.0,5153.339
14633.0,339.15808
18155.0,380.0966
17567.0,4973.7847
17408.0,331.36188
14304.0,1740.5983
13212.0,756.1562
13255.0,893.50665
15321.0,6778.7217
12456.0,3130.8845
14951.0,319.99954
15877.0,496.5542
17333.0,485.39963
15034.0,8234.717
13682.0,56.109627
15762.0,593.36237
18151.0,1795.4596
16431.0,650.45483
15249.0,9077.492
15517.0,256.46893
16877.0,785.8286
13460.0,181.25008
14269.0,306.57523
17932.0,1310.1534
16114.0,133.3513
13453.0,755.91547
13960.0,237.86159
16463.0,1380.6759
13160.0,86.57372
17197.0,965.4686
13999.0,9207.4
18195.0,92.01315
16504.0,518.01404
16538.0,409.74585
18145.0,5583.077
18012.0,115.710365
16317.0,2116.7114
16064.0,111.71067
17417.0,163.336
15788.0,229.70456
17929.0,3059.6309
15257.0,700.31323
14206.0,1197.4575
13922.0,859.35986
17922.0,167.09007
18082.0,726.0781
17270.0,607.3655
16282.0,1278.3527
14566.0,4189.4893
18254.0,256.5109
16722.0,8815.45
13180.0,81.24526
14019.0,1387.176
12786.0,730.7095
15904.0,163.8176
17282.0,2210.7305
13783.0,1540.3105
13278.0,1414.4973
17098.0,634.59814
17065.0,191.53531
14821.0,1273.2312
16777.0,1300.5962
16127.0,826.89124
15504.0,455.58035
15951.0,1006.07007
13297.0,4412.0225
17072.0,302.6507
15932.0,2719.7876
12358.0,3928.333
13477.0,2933.5564
17122.0,565.04376
12991.0,761.9378
15584.0,1347.733
13714.0,163.336
17087.0,229.70456
16260.0,994.1634
18116.0,2173.6948
17784.0,111.71067
13657.0,374.0275
14998.0,764.7408
17409.0,7736.9204
17509.0,6086.92
13002.0,416.6204
12777.0,477.01413
16966.0,2150.543
15081.0,1984.2361
15774.0,1409.1987
17412.0,4618.0596
16330.0,678.3239
13770.0,826.68195
13189.0,272.80096
13446.0,3898.4106
13964.0,415.29843
15270.0,9050.889
13877.0,435.84686
16424.0,413.68784
13207.0,536.8553
16984.0,9679.06
14614.0,306.57523
14579.0,110.92593
14698.0,1253.9062
15194.0,12210.339
16294.0,119.64875
13042.0,1759.0905
17357.0,377.68445
18198.0,5488.9653
12634.0,496.06668
15652.0,1386.0358
15492.0,677.23737
16362.0,954.8863
17299.0,1065.993
15913.0,16.932646
14613.0,79.78713
14818.0,1156.0018
16490.0,208.1425
17191.0,4818.2354
16382.0,347.4898
12557.0,16722.393
15297.0,649.06055
16899.0,1689.2784
13584.0,409.7039
12420.0,624.36584
15808.0,18175.84
14872.0,816.59216
15839.0,1027.9011
14882.0,3451.0452
14398.0,750.6275
13746.0,179.46402
16068.0,119.49651
17889.0,829.06305
16935.0,538.9927
18102.0,234066.52
18156.0,940.7479
15803.0,1879.2493
12460.0,328.57285
17384.0,507.26465
14426.0,12394.733
14653.0,3504.2007
15444.0,1462.5115
16600.0,2176.5369
17015.0,1880.4618
14068.0,1515.0718
16080.0,579.4556
14860.0,165.72028
18092.0,15974.438
16640.0,179.46402
14710.0,2047.2689
17189.0,915.31024
17936.0,377.66946
12599.0,2387.663
12697.0,927.9063
15368.0,756.3646
14802.0,1471.9644
12805.0,1414.1523
17822.0,2128.0376
12827.0,426.51797
13474.0,651.10236
13149.0,1704.296
17672.0,5898.294
16150.0,4432.1997
12372.0,1270.8044
15327.0,213.40114
17951.0,1651.4475
15667.0,315.53592
14999.0,119.64875
14093.0,496.6443
14889.0,134.91997
14285.0,3428.286
14259.0,116.108345
17955.0,952.93085
17823.0,496.06668
16028.0,81.24526
14104.0,698.52234
15179.0,7560.3643
17236.0,1985.7603
12956.0,537.8002
17041.0,1611.5797
16866.0,228.6868
15646.0,915.31024
14107.0,4678.117
15766.0,833.88275
17155.0,928.3989
18181.0,1262.0032
16535.0,1017.10846
12550.0,964.7598
12686.0,179.46402
13188.0,113.24812
16660.0,2000.9409
12735.0,811.9039
16920.0,343.52402
16846.0,833.88275
14848.0,320.4755
14803.0,831.92737
16419.0,1459.133
15668.0,79.74518
17213.0,5609.7095
16336.0,3584.4421
16397.0,119.64875
17137.0,1124.1404
14886.0,359.0749
17045.0,829.933
13026.0,1711.275
13802.0,28901.324
15390.0,1227.6798
15235.0,2959.7866
12408.0,4207.1997
13734.0,5380.631
16401.0,7016.0254
15587.0,1520.9956
13141.0,7886.6475
14542.0,90.40256
15455.0,47.60453
17731.0,1677.3711
15626.0,1053.5992
17109.0,1319.4802
16167.0,1397.3619
16857.0,339.98444
16699.0,965.769
16137.0,419.73618
17103.0,419.73618
15032.0,12486.343
13083.0,416.45657
15922.0,741.3065
16848.0,1355.8716
14035.0,2887.866
17387.0,800.756
16333.0,28532.346
16924.0,832.1681
12875.0,1362.4652
16272.0,405.00204
15104.0,1023.5852
15817.0,2399.5745
17366.0,1050.2722
18007.0,223.59187
17257.0,191.53531
13154.0,1683.592
13208.0,1997.9128
13742.0,3057.624
15262.0,416.6204
15020.0,208.1425
16979.0,2933.2961
13785.0,543.61755
12566.0,335.38422
13852.0,186.09836
13650.0,3230.2266
13475.0,1412.5419
12931.0,148023.03
15753.0,79.26929
12390.0,506.78113
15818.0,335.03305
16872.0,1192.6724
18060.0,1182.6647
16012.0,3180.5562
17548.0,755.4495
13585.0,672.3344
15065.0,3335.896
13430.0,698.9853
13068.0,338.29086
17670.0,208.10056
15848.0,139.238
13019.0,1312.7094
16121.0,1436.9742
17939.0,90.40256
15933.0,1091.8649
17100.0,962.4427
15151.0,1827.7578
13249.0,1666.4059
13619.0,239.23138
12442.0,169.78474
14490.0,1267.0232
14523.0,254.18675
13193.0,117.10476
18245.0,6375.0654
14974.0,112.838104
17275.0,112.4933
14888.0,365.1263
17126.0,2100.0723
17337.0,1961.1066
16869.0,831.0937
12669.0,2462.884
16656.0,17872.658
14422.0,10117.376
16370.0,1349.1184
12681.0,33224.945
16387.0,884.9982
12679.0,1118.0526
13184.0,1687.5205
14808.0,2790.6746
14456.0,3106.557
14536.0,170.1447
16965.0,208.10056
14455.0,667.5257
13081.0,45923.86
17749.0,1013.328
12638.0,942.1734
12531.0,1774.252
16035.0,223.59187
16056.0,675.5226
16970.0,69.878685
12881.0,307.5426
15098.0,21395.67
13789.0,251.88457
15129.0,6809.545
15416.0,4298.6543
13006.0,81.590065
13616.0,291.30148
14775.0,1387.176
18283.0,3004.2734
15905.0,112.4933
15030.0,1914.6389
13250.0,248.28203
12776.0,57.720226
16389.0,1340.5364
14211.0,4577.756
17053.0,487.15466
17726.0,1136.7773
13583.0,1452.32
18261.0,338.98898
17824.0,307.92935
18050.0,399.09607
18123.0,676.74615
13862.0,2468.7278
15615.0,19094.395
15893.0,313.99097
17482.0,811.9458
14727.0,473.92413
14533.0,3462.5515
14683.0,145.29015
14204.0,1030.6141
17842.0,439.33118
17523.0,704.05914
14923.0,751.1491
17837.0,1531.621
17102.0,28.144371
16643.0,918.60834
18255.0,290.4253
16567.0,875.25385
16693.0,1242.3224
14060.0,9227.115
13486.0,1096.098
14468.0,208.1425
13982.0,4481.9585
15168.0,111.27073
16402.0,501.50107
14123.0,439.33118
13654.0,6349.0215
12417.0,6570.0747
14127.0,1822.2659
13668.0,13293.981
15046.0,7407.698
15238.0,1086.5269
14594.0,625.12213
13908.0,2336.2205
17060.0,236.55228
13182.0,119.84132
14260.0,816.59216
16796.0,310.62534
15491.0,3055.8025
12585.0,1849.9197
12439.0,1145.7119
14487.0,1463.1361
14934.0,3406.968
17996.0,508.63452
16146.0,928.2786
15511.0,871.17206
15681.0,3117.606
13357.0,3873.7625
16782.0,9683.443
17002.0,2503.8467
17581.0,17896.564
17302.0,1151.3248
13310.0,1482.5709
16031.0,546.1797
16484.0,397.52744
13869.0,8271.433
14207.0,158.17981
12759.0,5544.9517
14342.0,865.8606
17849.0,1111.9136
18052.0,10741.652
16598.0,145.2482
14716.0,565.915
17721.0,313.99097
15402.0,1771.1251
13391.0,56.109627
14908.0,372.79672
14231.0,1220.6753
13284.0,208.10056
17768.0,3393.7463
15573.0,1257.9362
12982.0,2775.9067
14147.0,2491.1487
12846.0,15.565431
15253.0,2164.5042
12763.0,818.54083
17338.0,13379.754
17762.0,119.64875
15152.0,5330.2314
14083.0,1412.22
17031.0,2836.0183
13108.0,1067.9874
13863.0,1231.4371
13398.0,695.24146
15559.0,1150.6616
15217.0,419.73618
15353.0,3232.2053
16113.0,161.72539
12945.0,920.1649
14486.0,173.84077
14246.0,1395.2637
13427.0,1064.4689
15379.0,4964.898
15293.0,255.7973
15473.0,2164.5042
13001.0,24923.123
17545.0,1526.4113
17111.0,492.49872
18003.0,355.22134
16742.0,2992.0405
14288.0,419.04666
15157.0,2685.3477
14049.0,13725.672
15631.0,591.07367
12422.0,5187.015
15900.0,924.24805
15833.0,79.31124
15782.0,4035.2273
17352.0,26.95397
17893.0,111.66872
14891.0,1116.0972
15165.0,1002.74976
17131.0,2223.6584
14757.0,413.8484
14253.0,357.24814
13366.0,58.06503
13386.0,844.334
14476.0,223.54993
13179.0,580.747
17085.0,7892.1616
14739.0,11718.479
12443.0,489.79227
16990.0,340.3326
16898.0,953.33295
15657.0,32.598114
16288.0,119.64875
13561.0,1766.8289
12970.0,1535.7056
13776.0,623.5977
12915.0,1175.0786
12891.0,852.5024
13697.0,148.12437
14301.0,2037.7382
12398.0,1775.2776
17579.0,758.3883
13985.0,10121.77
16360.0,3566.5173
13095.0,70.22349
17092.0,5617.7466
15513.0,27581.844
13831.0,7234.1587
15278.0,507.52774
12542.0,496.06668
13919.0,1340.5364
18270.0,439.55728
17644.0,6061.915
13153.0,514.2435
17004.0,2376.4453
12969.0,119.49651
13983.0,6531.4004
16416.0,2914.1328
15859.0,439.33118
16356.0,367.98694
17216.0,62.477158
16915.0,1652.9932
12993.0,1280.8787
16051.0,188.43161
16793.0,256.14212
16256.0,1705.2642
14357.0,235.15813
16292.0,1264.0225
12467.0,133.69409
15178.0,46.297607
16302.0,234.98361
16386.0,1093.5795
17121.0,315.05557
15316.0,164.49248
13591.0,2160.3298
15026.0,1117.9279
15954.0,190.26779
15686.0,87.94353
15481.0,1959.153
12481.0,11798.836
15724.0,291.32623
17999.0,761.40466
16303.0,8037.8833
15441.0,1258.263
14340.0,134.91997
15838.0,46185.69
12859.0,580.747
12409.0,16507.021
13918.0,1231.1553
16147.0,2273.1104
17514.0,546.1797
16828.0,124.477715
17477.0,1132.0631
14371.0,91.9712
16041.0,2987.553
13572.0,1423.6876
12469.0,2659.8313
17049.0,9466.569
16300.0,1341.7627
15717.0,628.2429
15423.0,246.82979
13571.0,4301.459
12916.0,4272.992
14628.0,2000.5277
12897.0,509.2017
13215.0,81.24526
16838.0,1175.0786
13756.0,9300.285
16799.0,496.06668
18130.0,1027.7107
14274.0,256.5109
16324.0,424.42578
13070.0,756.2962
16066.0,1460.0739
17980.0,1029.523
13039.0,1031.1334
12951.0,3358.3813
14187.0,119.49651
14922.0,848.0691
16806.0,825.07135
14110.0,13191.674
14330.0,208.1425
16802.0,593.0176
12665.0,292.89487
14071.0,1454.379
15233.0,57.720226
12621.0,25895.004
17455.0,132.08348
16878.0,10.915866
13724.0,213.05634
13890.0,2946.145
14645.0,880.4627
14137.0,334.3992
16398.0,1683.946
14692.0,1801.1073
16103.0,6308.7886
18241.0,2724.3242
14248.0,1014.89655
13298.0,347.76062
17020.0,919.9696
18075.0,5775.887
12642.0,1004.7114
15772.0,302.6507
15771.0,1000.29956
12645.0,3711.8503
12415.0,68057.016
16692.0,1898.1713
13086.0,437.70502
14507.0,3005.0168
14644.0,2240.394
17806.0,484.6368
15879.0,1176.6891
14946.0,92.16746
14985.0,292.18033
12497.0,5954.114
13107.0,4859.0854
14240.0,1235.6504
15740.0,159.63483
17763.0,-66.88113
17314.0,5069.3237
12516.0,2545.6042
15982.0,321.38812
12724.0,2190.759
14238.0,433.71042
13210.0,338.37384
18136.0,1619.3601
16498.0,107.90583
16369.0,2557.1306
12726.0,4005.5823
18232.0,579.4556
14564.0,2694.2031
13656.0,1092.5266
15485.0,6002.717
13796.0,306.57523
14972.0,147.88156
16489.0,293.79092
15202.0,5609.9756
14237.0,623.75116
15478.0,2033.703
16881.0,437.99927
15781.0,354.81772
13192.0,2644.4941
16358.0,3017.084
13550.0,338.74985
12522.0,191.88011
18031.0,475.8276
13280.0,2176.309
15503.0,274.1288
12392.0,236.59422
13621.0,221.98126
13455.0,2962.1565
16321.0,661.92896
15191.0,634.59814
14403.0,1795.4596
17391.0,499.93243
15358.0,16211.279
13387.0,188.43161
17075.0,2224.671
12647.0,15849.332
15736.0,1746.7504
13836.0,623.5977
12630.0,1325.3452
17324.0,2271.9736
17792.0,357.24814
17059.0,4732.393
15591.0,249.20699
14960.0,229.6292
14907.0,6358.2744
14352.0,1092.5266
17949.0,142052.06
14672.0,1118.8068
16088.0,1461.3673
14227.0,6229.654
17963.0,703.3044
14878.0,4130.0083
16037.0,1473.6147
16391.0,1094.1371
14968.0,492.87766
14756.0,2679.2546
14241.0,337.0336
18109.0,9923.854
12604.0,247.80606
12855.0,703.3044
16587.0,234.77138
12446.0,1006.4077
18129.0,111.66872
13094.0,2331.932
14500.0,347.0403
17847.0,126.08833
13738.0,437.70502
16179.0,223.93668
15286.0,256.14212
14657.0,1521.531
13517.0,2053.966
16669.0,1364.1317
17692.0,3039.241
17561.0,732.2927
13801.0,321.7329
12714.0,14152.801
16818.0,3428.8945
16049.0,1824.2213
12750.0,284.09427
16944.0,92.01315
17405.0,1010.3985
13302.0,162.68237
15047.0,334.9911
12365.0,623.7092
12576.0,2166.597
16485.0,2211.865
13017.0,208.6241
12565.0,145.2482
17306.0,9867.967
16764.0,2869.3943
14449.0,2711.825
14788.0,1119.3824
16690.0,382.26273
12934.0,181.05386
15185.0,320.82028
14199.0,1095.2362
16139.0,1135.8434
16755.0,2884.8833
16251.0,119.64875
13128.0,256.5109
14595.0,2225.984
13374.0,404.05185
13971.0,4527.7656
14779.0,383.81516
15320.0,256.85568
15449.0,1017.0892
13855.0,1352.484
15454.0,293.74896
17776.0,338.6442
17063.0,3748.4326
15625.0,3164.9272
16788.0,1902.1371
15140.0,3388.2139
13958.0,4766.402
12865.0,3220.7302
12668.0,9182.558
15869.0,342.58206
16997.0,682.3454
18221.0,1428.3286
15921.0,825.07135
